<?xml version="1.0" encoding="UTF-8"?>
<project-private xmlns="http://www.netbeans.org/ns/project-private/1">
    <editor-bookmarks xmlns="http://www.netbeans.org/ns/editor-bookmarks/2" lastBookmarkId="0"/>
    <open-files xmlns="http://www.netbeans.org/ns/projectui-open-files/2">
        <group>
            <file>file:/home/labdessw09/NetBeansProjects/exepciones/src/exepciones/Principal.java</file>
            <file>file:/home/labdessw09/NetBeansProjects/exepciones/src/exepciones/Tortuga.java</file>
            <file>file:/home/labdessw09/NetBeansProjects/exepciones/src/exepciones/LimiteVelocidadExceptions.java</file>
            <file>file:/home/labdessw09/NetBeansProjects/exepciones/src/exepciones/Carga.java</file>
            <file>file:/home/labdessw09/NetBeansProjects/exepciones/src/exepciones/Animal.java</file>
            <file>file:/home/labdessw09/NetBeansProjects/exepciones/src/exepciones/Caballo.java</file>
            <file>file:/home/labdessw09/NetBeansProjects/exepciones/src/exepciones/Correcaminos.java</file>
        </group>
    </open-files>
</project-private>
